time,sensor,value
1450535431,esquilo,starting,
1450535431,fridge,8.0625,
1450535432,freezer,-12.6875,
1450535443,fridge,8.125,
1450535443,freezer,-12.5,
1450535454,fridge,8.125,
1450535455,freezer,-12.375,
1450535465,fridge,8.125,
1450535466,freezer,-12.1875,
1450535477,fridge,8.1875,
1450535477,freezer,-12,
1450535488,fridge,8.1875,
1450535489,freezer,-11.8125,
1450535499,fridge,8.25,
1450535500,freezer,-11.6875,
1450535511,fridge,8.25,
1450535511,freezer,-11.5625,
1450535522,fridge,8.25,
1450535523,freezer,-11.375,
1450535533,fridge,8.3125,
1450535534,freezer,-11.1875,
1450535545,fridge,8.3125,
1450535545,freezer,-11.0625,
1450535556,fridge,8.375,
1450535557,freezer,-10.9375,
1450535567,fridge,8.375,
1450535568,freezer,-10.8125,
1450535579,fridge,8.4375,
1450535579,freezer,-10.6875,
1450535590,fridge,8.4375,
1450535591,freezer,-10.5625,
1450535601,fridge,8.4375,
1450535602,freezer,-10.5625,
1450535613,fridge,8.4375,
1450535613,freezer,-9.375,
1450535624,fridge,8.4375,
1450535625,freezer,-9,
1450535635,fridge,8.4375,
1450535636,freezer,-9.125,
1450535647,fridge,8.4375,
1450535647,freezer,-9.3125,
1450535658,fridge,8.4375,
1450535659,freezer,-9.5,
1450535669,fridge,8.4375,
1450535670,freezer,-9.625,
1450535681,fridge,8.4375,
1450535681,freezer,-9.875,
1450535692,fridge,8.5,
1450535693,freezer,-10,
1450535703,fridge,8.5,
1450535704,freezer,-10.125,
1450535715,fridge,8.5,
1450535715,freezer,-10.25,
1450535726,fridge,8.5,
1450535727,freezer,-10.3125,
1450535737,fridge,8.5,
1450535738,freezer,-10.4375,
1450535749,fridge,8.4375,
1450535749,freezer,-10.5625,
1450535760,fridge,8.5,
1450535761,freezer,-10.6875,
1450535771,fridge,8.4375,
1450535772,freezer,-10.9375,
1450535783,fridge,8.5,
1450535783,freezer,-11.125,
1450535794,fridge,8.5,
1450535795,freezer,-11.25,
1450535805,fridge,8.4375,
1450535806,freezer,-11.375,
1450535817,fridge,8.4375,
1450535817,freezer,-11.5625,
1450535828,fridge,8.4375,
1450535829,freezer,-11.6875,
1450535839,fridge,8.4375,
1450535840,freezer,-11.8125,
1450535851,fridge,8.4375,
1450535851,freezer,-12,
1450535862,fridge,8.4375,
1450535863,freezer,-12.0625,
1450535873,fridge,8.4375,
1450535874,freezer,-12.3125,
1450535885,fridge,8.4375,
1450535885,freezer,-12.4375,
1450535896,fridge,8.4375,
1450535897,freezer,-12.6875,
1450535907,fridge,8.375,
1450535908,freezer,-12.75,
1450535919,fridge,8.375,
1450535919,freezer,-12.9375,
1450535930,fridge,8.375,
1450535931,freezer,-13,
1450535941,fridge,8.375,
1450535942,freezer,-11.625,
1450535953,fridge,8.375,
1450535953,freezer,-11.8125,
1450535964,fridge,8.375,
1450535965,freezer,-12.0625,
1450535975,fridge,8.375,
1450535976,freezer,-12.3125,
1450535987,fridge,8.3125,
1450535987,freezer,-12.625,
1450535998,fridge,8.3125,
1450535999,freezer,-12.8125,
1450536009,fridge,8.3125,
1450536010,freezer,-13,
1450536021,fridge,8.3125,
1450536021,freezer,-13.1875,
1450536032,fridge,8.3125,
1450536033,freezer,-13.4375,
1450536043,fridge,8.25,
1450536044,freezer,-13.625,
1450536055,fridge,8.25,
1450536055,freezer,-13.8125,
1450536066,fridge,8.25,
1450536067,freezer,-14,
1450536077,fridge,8.25,
1450536078,freezer,-14.125,
1450536089,fridge,8.25,
1450536089,freezer,-14.3125,
1450536100,fridge,8.1875,
1450536101,freezer,-14.4375,
1450536111,fridge,8.1875,
1450536112,freezer,-14.4375,
1450536123,fridge,8.1875,
1450536123,freezer,-14.625,
1450536134,fridge,8.1875,
1450536135,freezer,-14.8125,
1450536145,fridge,8.1875,
1450536146,freezer,-14.5,
1450536157,fridge,8.1875,
1450536157,freezer,-14.375,
1450536168,fridge,8.1875,
1450536169,freezer,-14.3125,
1450536179,fridge,8.25,
1450536180,freezer,-14.3125,
1450536191,fridge,8.25,
1450536191,freezer,-14.375,
1450536202,fridge,8.25,
1450536203,freezer,-14.3125,
1450536213,fridge,8.3125,
1450536214,freezer,-14.25,
1450536225,fridge,8.3125,
1450536225,freezer,-14.1875,
1450536236,fridge,8.3125,
1450536237,freezer,-14.1875,
1450536247,fridge,8.375,
1450536248,freezer,-14.125,
1450536259,fridge,8.375,
1450536259,freezer,-14.0625,
1450536270,fridge,8.375,
1450536271,freezer,-13.9375,
1450536281,fridge,8.4375,
1450536282,freezer,-13.875,
1450536293,fridge,8.4375,
1450536293,freezer,-13.8125,
1450536304,fridge,8.5,
1450536305,freezer,-13.75,
1450536315,fridge,8.5,
1450536316,freezer,-13.625,
1450536327,fridge,8.5,
1450536327,freezer,-13.5625,
1450536338,fridge,8.5625,
1450536339,freezer,-13.5,
1450536349,fridge,8.5625,
1450536350,freezer,-13.375,
1450536361,fridge,8.5625,
1450536361,freezer,-13.375,
1450536372,fridge,8.625,
1450536373,freezer,-13.25,
1450536383,fridge,8.6875,
1450536384,freezer,-13.125,
1450536395,fridge,8.6875,
1450536395,freezer,-13.0625,
1450536406,fridge,8.6875,
1450536407,freezer,-13,
1450536417,fridge,8.75,
1450536418,freezer,-12.9375,
1450536429,fridge,8.75,
1450536429,freezer,-12.8125,
1450536440,fridge,8.75,
1450536441,freezer,-12.75,
1450536451,fridge,8.8125,
1450536452,freezer,-12.6875,
1450536463,fridge,8.8125,
1450536463,freezer,-12.625,
1450536474,fridge,8.875,
1450536475,freezer,-12.5625,
1450536485,fridge,8.875,
1450536486,freezer,-12.5,
1450536497,fridge,8.875,
1450536497,freezer,-12.4375,
1450536508,fridge,8.9375,
1450536509,freezer,-12.3125,
1450536519,fridge,8.9375,
1450536520,freezer,-12.25,
1450536531,fridge,8.9375,
1450536531,freezer,-12.1875,
1450536542,fridge,9,
1450536543,freezer,-12.125,
1450536553,fridge,9.0625,
1450536554,freezer,-12,
1450536565,fridge,9,
1450536565,freezer,-11.8125,
1450536576,fridge,9,
1450536577,freezer,-11.75,
1450536587,fridge,9,
1450536588,freezer,-11.6875,
1450536599,fridge,9.0625,
1450536599,freezer,-11.6875,
1450536610,fridge,9,
1450536611,freezer,-11.6875,
1450536621,fridge,9.0625,
1450536622,freezer,-11.6875,
1450536633,fridge,9.0625,
1450536633,freezer,-11.6875,
1450536644,fridge,9.0625,
1450536645,freezer,-11.6875,
1450536655,fridge,9,
1450536656,freezer,-11.75,
1450536667,fridge,9,
1450536667,freezer,-11.75,
1450536678,fridge,9,
1450536679,freezer,-11.8125,
1450536689,fridge,9,
1450536690,freezer,-11.8125,
1450536701,fridge,9,
1450536701,freezer,-11.8125,
1450536712,fridge,9,
1450536713,freezer,-11.8125,
1450536723,fridge,9,
1450536724,freezer,-11.875,
1450536735,fridge,9,
1450536735,freezer,-11.8125,
1450536746,fridge,9,
1450536747,freezer,-11.875,
1450536757,fridge,9,
1450536758,freezer,-11.9375,
1450536769,fridge,9,
1450536769,freezer,-12,
1450536780,fridge,8.9375,
1450536781,freezer,-12,
1450536791,fridge,8.9375,
1450536792,freezer,-12.0625,
1450536803,fridge,8.9375,
1450536803,freezer,-12.0625,
1450536814,fridge,8.9375,
1450536815,freezer,-12.1875,
1450536825,fridge,8.9375,
1450536826,freezer,-12.125,
1450536837,fridge,8.9375,
1450536837,freezer,-12.25,
1450536848,fridge,8.9375,
1450536849,freezer,-12.375,
1450536859,fridge,8.875,
1450536860,freezer,-12.4375,
1450536871,fridge,8.875,
1450536871,freezer,-12.5,
1450536882,fridge,8.875,
1450536883,freezer,-12.5625,
1450536893,fridge,8.875,
1450536894,freezer,-12.625,
1450536905,fridge,9,
1450536906,freezer,-12.375,
1450536916,fridge,9.25,
1450536917,freezer,-12.3125,
1450536928,fridge,9.4375,
1450536928,freezer,-11.5,
1450536939,fridge,9.5625,
1450536940,freezer,-10.9375,
1450536950,fridge,9.625,
1450536951,freezer,-11,
1450536962,fridge,9.6875,
1450536962,freezer,-11.125,
1450536973,fridge,9.75,
1450536974,freezer,-11.3125,
1450536984,fridge,9.75,
1450536985,freezer,-11.4375,
1450536996,fridge,9.75,
1450536996,freezer,-11.5,
1450537007,fridge,9.75,
1450537008,freezer,-11.5,
1450537018,fridge,9.75,
1450537019,freezer,-11.625,
1450537030,fridge,9.75,
1450537030,freezer,-11.6875,
1450537041,fridge,9.875,
1450537042,freezer,-11.375,
1450537052,fridge,10.0625,
1450537053,freezer,-11.3125,
1450537064,fridge,10.1875,
1450537064,freezer,-11.4375,
1450537075,fridge,10.25,
1450537076,freezer,-11.6875,
1450537086,fridge,10.3125,
1450537087,freezer,-11.9375,
1450537098,fridge,10.3125,
1450537098,freezer,-12.125,
1450537109,fridge,10.375,
1450537110,freezer,-12.25,
1450537120,fridge,10.375,
1450537121,freezer,-12.375,
1450537132,fridge,10.375,
1450537132,freezer,-12.5,
1450537143,fridge,10.3125,
1450537144,freezer,-12.6875,
1450537154,fridge,10.3125,
1450537155,freezer,-12.75,
1450537166,fridge,10.25,
1450537166,freezer,-12.875,
1450537177,fridge,10.1875,
1450537178,freezer,-12.9375,
1450537188,fridge,10.1875,
1450537189,freezer,-13.0625,
1450537200,fridge,10.1875,
1450537200,freezer,-13.1875,
1450537211,fridge,10.125,
1450537212,freezer,-13.375,
1450537222,fridge,10.125,
1450537223,freezer,-13.5625,
1450537234,fridge,10.125,
1450537234,freezer,-13.6875,
1450537245,fridge,10.0625,
1450537246,freezer,-13.875,
1450537256,fridge,10.0625,
1450537257,freezer,-13.9375,
1450537268,fridge,10.0625,
1450537268,freezer,-14.0625,
1450537279,fridge,10.0625,
1450537280,freezer,-14.1875,
1450537290,fridge,10,
1450537291,freezer,-14.3125,
1450537302,fridge,10,
1450537302,freezer,-14.4375,
1450537313,fridge,10,
1450537314,freezer,-14.5,
1450537324,fridge,9.9375,
1450537325,freezer,-14.625,
1450537336,fridge,9.9375,
1450537336,freezer,-14.75,
1450537347,fridge,9.9375,
1450537348,freezer,-14.8125,
1450537358,fridge,9.875,
1450537359,freezer,-14.875,
1450537370,fridge,9.8125,
1450537370,freezer,-14.9375,
1450537381,fridge,9.8125,
1450537382,freezer,-15,
1450537392,fridge,9.75,
1450537393,freezer,-15.125,
1450537404,fridge,9.75,
1450537404,freezer,-15.1875,
1450537415,fridge,9.6875,
1450537416,freezer,-15.25,
1450537426,fridge,9.6875,
1450537427,freezer,-15.3125,
1450537438,fridge,9.6875,
1450537438,freezer,-15.375,
1450537449,fridge,9.625,
1450537450,freezer,-15.4375,
1450537460,fridge,9.625,
1450537461,freezer,-15.5,
1450537472,fridge,9.625,
1450537472,freezer,-15.625,
1450537483,fridge,9.5625,
1450537484,freezer,-15.75,
1450537494,fridge,9.5625,
1450537495,freezer,-15.4375,
1450537506,fridge,9.5,
1450537506,freezer,-13.5,
1450537517,fridge,9.5,
1450537518,freezer,-12.625,
1450537528,fridge,9.4375,
1450537529,freezer,-12.8125,
1450537540,fridge,9.4375,
1450537540,freezer,-12.9375,
1450537551,fridge,9.4375,
1450537552,freezer,-13.125,
1450537562,fridge,9.375,
1450537563,freezer,-13.3125,
1450537574,fridge,9.375,
1450537574,freezer,-13.5,
1450537585,fridge,9.375,
1450537586,freezer,-13.5625,
1450537596,fridge,9.3125,
1450537597,freezer,-13.625,
1450537608,fridge,9.3125,
1450537608,freezer,-13.8125,
1450537619,fridge,9.3125,
1450537620,freezer,-14,
1450537630,fridge,9.25,
1450537631,freezer,-14.1875,
1450537642,fridge,9.25,
1450537642,freezer,-14.375,
1450537653,fridge,9.25,
1450537654,freezer,-14.5,
1450537664,fridge,9.1875,
1450537665,freezer,-14.625,
1450537676,fridge,9.3125,
1450537676,freezer,-14.4375,
1450537687,fridge,9.3125,
1450537688,freezer,-14.5625,
1450537698,fridge,9.3125,
1450537699,freezer,-14.75,
1450537710,fridge,9.3125,
1450537710,freezer,-15,
1450537721,fridge,9.3125,
1450537722,freezer,-15.1875,
1450537732,fridge,9.3125,
1450537733,freezer,-15.375,
1450537744,fridge,9.25,
1450537744,freezer,-15.5,
1450537755,fridge,9.25,
1450537756,freezer,-15.625,
1450537766,fridge,9.1875,
1450537767,freezer,-15.75,
1450537778,fridge,9.25,
1450537778,freezer,-15.75,
1450537789,fridge,9.1875,
1450537790,freezer,-15.9375,
1450537800,fridge,9.1875,
1450537801,freezer,-16.0625,
1450537812,fridge,9.125,
1450537812,freezer,-16.1875,
1450537823,fridge,9.125,
1450537824,freezer,-16.3125,
1450537834,fridge,9.0625,
1450537835,freezer,-16.375,
1450537846,fridge,9.0625,
1450537846,freezer,-16.375,
1450537857,fridge,9.0625,
1450537858,freezer,-16.4375,
1450537868,fridge,9.0625,
1450537869,freezer,-16.5,
1450537880,fridge,9,
1450537880,freezer,-16.5625,
1450537891,fridge,9,
1450537892,freezer,-16.5625,
1450537902,fridge,9,
1450537903,freezer,-16.6875,
1450537914,fridge,8.9375,
1450537914,freezer,-16.8125,
1450537925,fridge,8.9375,
1450537926,freezer,-16.9375,
1450537936,fridge,8.875,
1450537937,freezer,-17,
1450537948,fridge,8.875,
1450537948,freezer,-17,
1450537959,fridge,8.875,
1450537960,freezer,-17.0625,
1450537970,fridge,8.8125,
1450537971,freezer,-17.0625,
1450537982,fridge,8.8125,
1450537982,freezer,-17.0625,
1450537993,fridge,8.75,
1450537994,freezer,-17.1875,
1450538004,fridge,8.75,
1450538005,freezer,-16.9375,
1450538016,fridge,8.8125,
1450538016,freezer,-16.75,
1450538027,fridge,8.8125,
1450538028,freezer,-16.6875,
1450538038,fridge,8.8125,
1450538039,freezer,-16.625,
1450538050,fridge,8.875,
1450538050,freezer,-16.5,
1450538061,fridge,8.875,
1450538062,freezer,-16.375,
1450538124,esquilo,starting,
1450538124,fridge,8.9375,
1450538124,freezer,-15.5625,
1450538135,fridge,9,
1450538136,freezer,-15.5,
1450538147,fridge,9.125,
1450538147,freezer,-15.375,
1450538158,fridge,9.3125,
1450538159,freezer,-13.1875,
1450538169,fridge,9.375,
1450538170,freezer,-10.25,
1450538181,fridge,9.4375,
1450538181,freezer,-8.9375,
1450538192,fridge,9.5625,
1450538193,freezer,-8.5,
1450538203,fridge,9.5625,
1450538204,freezer,-8.1875,
1450538215,fridge,9.625,
1450538215,freezer,-8.0625,
1450538226,fridge,9.6875,
1450538227,freezer,-8,
1450538237,fridge,9.6875,
1450538238,freezer,-7.875,
1450538249,fridge,9.75,
1450538249,freezer,-7.8125,
1450538260,fridge,9.8125,
1450538261,freezer,-7.75,
1450538271,fridge,9.875,
1450538272,freezer,-7.75,
1450538283,fridge,9.9375,
1450538283,freezer,-7.6875,
1450538294,fridge,9.9375,
1450538295,freezer,-7.6875,
1450538305,fridge,9.9375,
1450538306,freezer,-7.6875,
1450538317,fridge,10,
1450538317,freezer,-7.6875,
1450538328,fridge,10.0625,
1450538329,freezer,-7.6875,
1450538339,fridge,10.0625,
1450538340,freezer,-7.6875,
1450538351,fridge,10.125,
1450538351,freezer,-7.75,
1450538362,fridge,10.1875,
1450538363,freezer,-7.6875,
1450538373,fridge,10.1875,
1450538374,freezer,-7.6875,
1450538385,fridge,10.1875,
1450538385,freezer,-7.6875,
1450538396,fridge,10.25,
1450538397,freezer,-7.6875,
1450538407,fridge,10.25,
1450538408,freezer,-7.75,
1450538419,fridge,10.3125,
1450538419,freezer,-7.75,
1450538430,fridge,10.3125,
1450538431,freezer,-7.6875,
1450538441,fridge,10.375,
1450538442,freezer,-7.6875,
1450538453,fridge,10.375,
1450538453,freezer,-7.6875,
1450538464,fridge,10.375,
1450538465,freezer,-7.6875,
1450538475,fridge,10.4375,
1450538476,freezer,-7.6875,
1450538487,fridge,10.4375,
1450538487,freezer,-7.625,
1450538498,fridge,10.5,
1450538499,freezer,-7.625,
1450538509,fridge,10.5,
1450538510,freezer,-7.5625,
1450538521,fridge,10.5625,
1450538521,freezer,-7.5625,
1450538532,fridge,10.5625,
1450538533,freezer,-7.5,
1450538543,fridge,10.5625,
1450538544,freezer,-7.5625,
1450538555,fridge,10.625,
1450538555,freezer,-7.75,
1450538566,fridge,10.5625,
1450538567,freezer,-7.9375,
1450538577,fridge,10.5625,
1450538578,freezer,-8.125,
1450538589,fridge,10.5,
1450538589,freezer,-8.3125,
1450538600,fridge,10.5,
1450538601,freezer,-8.5,
1450538611,fridge,10.4375,
1450538612,freezer,-8.625,
1450538623,fridge,10.4375,
1450538623,freezer,-8.8125,
1450538634,fridge,10.375,
1450538635,freezer,-8.9375,
1450538645,fridge,10.375,
1450538646,freezer,-9.0625,
1450538657,fridge,10.375,
1450538657,freezer,-9.1875,
1450538668,fridge,10.375,
1450538669,freezer,-9.3125,
1450538679,fridge,10.3125,
1450538680,freezer,-9.375,
1450538691,fridge,10.3125,
1450538691,freezer,-9.5,
1450538702,fridge,10.3125,
1450538703,freezer,-9.5625,
1450538713,fridge,10.3125,
1450538714,freezer,-9.6875,
1450538725,fridge,10.25,
1450538725,freezer,-8.4375,
1450538736,fridge,10.3125,
1450538737,freezer,-8.375,
1450538747,fridge,10.3125,
1450538748,freezer,-8.4375,
1450538759,fridge,10.375,
1450538759,freezer,-8.625,
1450538770,fridge,10.375,
1450538771,freezer,-8.75,
1450538781,fridge,10.375,
1450538782,freezer,-8.9375,
1450538793,fridge,10.375,
1450538793,freezer,-9.0625,
1450538804,fridge,10.4375,
1450538805,freezer,-9.25,
1450538815,fridge,10.375,
1450538816,freezer,-9.375,
1450538827,fridge,10.375,
1450538827,freezer,-9.5,
1450538838,fridge,10.375,
1450538839,freezer,-9.625,
1450538849,fridge,10.375,
1450538850,freezer,-9.75,
1450538861,fridge,10.375,
1450538861,freezer,-9.875,
1450538872,fridge,10.375,
1450538873,freezer,-10,
1450538883,fridge,10.375,
1450538884,freezer,-10.125,
1450538895,fridge,10.375,
1450538895,freezer,-10.1875,
1450538906,fridge,10.3125,
1450538907,freezer,-10.3125,
1450538917,fridge,10.375,
1450538918,freezer,-10.375,
1450538929,fridge,10.3125,
1450538929,freezer,-10.5,
1450538940,fridge,10.3125,
1450538941,freezer,-10.5,
1450538951,fridge,10.3125,
1450538952,freezer,-9.4375,
1450538963,fridge,10.3125,
1450538963,freezer,-8,
1450538974,fridge,10.3125,
1450538975,freezer,-8.125,
1450538985,fridge,10.3125,
1450538986,freezer,-8.3125,
1450538997,fridge,10.25,
1450538997,freezer,-8.4375,
1450539008,fridge,10.25,
1450539009,freezer,-8.5625,
1450539019,fridge,10.25,
1450539020,freezer,-8.75,
1450539031,fridge,10.25,
1450539031,freezer,-8.875,
1450539042,fridge,10.25,
1450539043,freezer,-7.5,
1450539053,fridge,10.25,
1450539054,freezer,-7.3125,
1450539065,fridge,10.25,
1450539065,freezer,-7.5,
1450539076,fridge,10.25,
1450539077,freezer,-7.625,
1450539087,fridge,10.1875,
1450539088,freezer,-7.8125,
1450539099,fridge,10.1875,
1450539099,freezer,-8.0625,
1450539110,fridge,10.1875,
1450539111,freezer,-8.1875,
1450539121,fridge,10.1875,
1450539122,freezer,-8.375,
1450539133,fridge,10.1875,
1450539133,freezer,-8.5625,
1450539144,fridge,10.1875,
1450539145,freezer,-8.6875,
1450539155,fridge,10.1875,
1450539156,freezer,-8.875,
1450539167,fridge,10.125,
1450539167,freezer,-9.0625,
1450539178,fridge,10.125,
1450539179,freezer,-9.1875,
1450539189,fridge,10.125,
1450539190,freezer,-9.375,
1450539201,fridge,10.0625,
1450539201,freezer,-9.5,
1450539212,fridge,10.125,
1450539213,freezer,-9.625,
1450539223,fridge,10.0625,
1450539224,freezer,-9.8125,
1450539235,fridge,10.0625,
1450539235,freezer,-9.9375,
1450539246,fridge,10.0625,
1450539247,freezer,-10.0625,
1450539257,fridge,10,
1450539258,freezer,-10.1875,
1450539269,fridge,10,
1450539269,freezer,-10.3125,
1450539280,fridge,10,
1450539281,freezer,-10.5,
1450539291,fridge,10,
1450539292,freezer,-10.625,
1450539303,fridge,10,
1450539303,freezer,-10.75,
1450539314,fridge,9.9375,
1450539315,freezer,-10.875,
1450539325,fridge,9.9375,
1450539326,freezer,-11,
1450539337,fridge,9.9375,
1450539337,freezer,-11.0625,
1450539348,fridge,9.9375,
1450539349,freezer,-11.1875,
1450539359,fridge,9.875,
1450539360,freezer,-11.375,
1450539371,fridge,9.875,
1450539371,freezer,-11.4375,
1450539382,fridge,9.875,
1450539383,freezer,-11.5625,
1450539393,fridge,9.8125,
1450539394,freezer,-11.6875,
1450539405,fridge,9.8125,
1450539405,freezer,-11.8125,
1450539416,fridge,9.8125,
1450539417,freezer,-11.875,
1450539427,fridge,9.8125,
1450539428,freezer,-12,
1450539439,fridge,9.8125,
1450539439,freezer,-12.0625,
1450539450,fridge,9.75,
1450539451,freezer,-12.1875,
1450539461,fridge,9.75,
1450539462,freezer,-12.3125,
1450539473,fridge,9.6875,
1450539473,freezer,-12.375,
1450539484,fridge,9.6875,
1450539485,freezer,-12.5,
1450539495,fridge,9.6875,
1450539496,freezer,-12.5625,
1450539507,fridge,9.6875,
1450539507,freezer,-12.6875,
1450539518,fridge,9.625,
1450539519,freezer,-12.75,
1450539529,fridge,9.625,
1450539530,freezer,-12.8125,
1450539541,fridge,9.5625,
1450539541,freezer,-11.5625,
1450539552,fridge,9.625,
1450539553,freezer,-11.0625,
1450539563,fridge,9.6875,
1450539564,freezer,-9.9375,
1450539575,fridge,9.75,
1450539575,freezer,-9.8125,
1450539586,fridge,9.8125,
1450539587,freezer,-9.9375,
1450539597,fridge,9.8125,
1450539598,freezer,-10.1875,
1450539609,fridge,9.75,
1450539609,freezer,-10.375,
1450539620,fridge,9.75,
1450539621,freezer,-10.5625,
1450539631,fridge,9.75,
1450539632,freezer,-10.75,
1450539643,fridge,9.75,
1450539643,freezer,-10.875,
1450539654,fridge,9.75,
1450539655,freezer,-11.0625,
1450539665,fridge,9.75,
1450539666,freezer,-11.1875,
1450539677,fridge,9.6875,
1450539677,freezer,-11.375,
1450539688,fridge,9.6875,
1450539689,freezer,-11.5,
1450539699,fridge,9.6875,
1450539700,freezer,-11.625,
1450539711,fridge,9.6875,
1450539711,freezer,-11.75,
1450539722,fridge,9.625,
1450539723,freezer,-11.875,
1450539733,fridge,9.625,
1450539734,freezer,-12,
1450539745,fridge,9.625,
1450539745,freezer,-12.125,
1450539756,fridge,9.625,
1450539757,freezer,-12.25,
1450539767,fridge,9.625,
1450539768,freezer,-12.375,
1450539779,fridge,9.625,
1450539779,freezer,-12.4375,
1450539790,fridge,9.5625,
1450539791,freezer,-12.5625,
1450539801,fridge,9.5625,
1450539802,freezer,-12.625,
1450539813,fridge,9.5625,
1450539813,freezer,-12.75,
1450539824,fridge,9.5,
1450539825,freezer,-12.8125,
1450539835,fridge,9.5,
1450539836,freezer,-12.9375,
1450539847,fridge,9.5,
1450539847,freezer,-13,
1450539858,fridge,9.5,
1450539859,freezer,-10.5625,
1450539869,fridge,9.4375,
1450539870,freezer,-9.875,
1450539881,fridge,9.4375,
1450539881,freezer,-10.0625,
1450539892,fridge,9.4375,
1450539893,freezer,-10.25,
1450539903,fridge,9.4375,
1450539904,freezer,-10.4375,
1450539915,fridge,9.4375,
1450539915,freezer,-10.5625,
1450539926,fridge,9.375,
1450539927,freezer,-10.6875,
1450539937,fridge,9.375,
1450539938,freezer,-10.8125,
1450539949,fridge,9.375,
1450539949,freezer,-11,
1450539960,fridge,9.3125,
1450539961,freezer,-11.125,
1450539971,fridge,9.375,
1450539972,freezer,-11.25,
1450539983,fridge,9.3125,
1450539983,freezer,-11.375,
1450539994,fridge,9.3125,
1450539995,freezer,-11.5625,
1450540005,fridge,9.3125,
1450540006,freezer,-11.6875,
1450540017,fridge,9.3125,
1450540017,freezer,-11.8125,
1450540028,fridge,9.25,
1450540029,freezer,-11.9375,
1450540039,fridge,9.25,
1450540040,freezer,-12.0625,
1450540051,fridge,9.25,
1450540052,freezer,-12.1875,
1450540062,fridge,9.25,
1450540063,freezer,-12.3125,
1450540074,fridge,9.25,
1450540074,freezer,-12.4375,
1450540085,fridge,9.1875,
1450540086,freezer,-12.5625,
1450540096,fridge,9.1875,
1450540097,freezer,-12.6875,
1450540108,fridge,9.1875,
1450540108,freezer,-12.8125,
1450540119,fridge,9.125,
1450540120,freezer,-12.9375,
1450540130,fridge,9.125,
1450540131,freezer,-13,
1450540142,fridge,9.125,
1450540142,freezer,-13.125,
1450540153,fridge,9.125,
1450540154,freezer,-13.1875,
1450540164,fridge,9.0625,
1450540165,freezer,-13.25,
1450540176,fridge,9.0625,
1450540176,freezer,-13.375,
1450540187,fridge,9.0625,
1450540188,freezer,-13.5,
1450540198,fridge,9,
1450540199,freezer,-13.5625,
1450540210,fridge,9,
1450540210,freezer,-13.6875,
1450540221,fridge,9,
1450540222,freezer,-13.75,
1450540232,fridge,9,
1450540233,freezer,-13.875,
1450540244,fridge,8.9375,
1450540244,freezer,-13.9375,
1450540255,fridge,8.9375,
1450540256,freezer,-14,
1450540266,fridge,8.9375,
1450540267,freezer,-14.0625,
1450540278,fridge,8.875,
1450540278,freezer,-14.1875,
1450540289,fridge,8.875,
1450540290,freezer,-14.3125,
1450540300,fridge,8.875,
1450540301,freezer,-14.375,
1450540312,fridge,8.875,
1450540312,freezer,-13.5,
1450540323,fridge,8.875,
1450540324,freezer,-11.0625,
1450540334,fridge,8.8125,
1450540335,freezer,-10.75,
1450540346,fridge,8.8125,
1450540346,freezer,-10.6875,
1450540357,fridge,8.75,
1450540358,freezer,-10.5625,
1450540368,fridge,8.8125,
1450540369,freezer,-10.5,
1450540380,fridge,8.75,
1450540380,freezer,-10.4375,
1450540391,fridge,8.75,
1450540392,freezer,-10.3125,
1450540402,fridge,8.75,
1450540403,freezer,-10.25,
1450540414,fridge,8.6875,
1450540414,freezer,-10.1875,
1450540425,fridge,8.6875,
1450540426,freezer,-10.125,
1450540436,fridge,8.6875,
1450540437,freezer,-10.0625,
1450540448,fridge,8.6875,
1450540448,freezer,-10.0625,
1450540459,fridge,8.625,
1450540460,freezer,-10,
1450540470,fridge,8.625,
1450540471,freezer,-10,
1450540482,fridge,8.625,
1450540482,freezer,-10,
1450540493,fridge,8.625,
1450540494,freezer,-10,
1450540504,fridge,8.625,
1450540505,freezer,-9.9375,
1450540516,fridge,8.625,
1450540516,freezer,-10,
1450540527,fridge,8.5625,
1450540528,freezer,-10,
1450540538,fridge,8.5625,
1450540539,freezer,-10,
1450540550,fridge,8.5625,
1450540550,freezer,-10,
1450540561,fridge,8.5,
1450540562,freezer,-10,
1450540572,fridge,8.5,
1450540573,freezer,-10,
1450540584,fridge,8.5,
1450540584,freezer,-10.0625,
1450540595,fridge,8.5,
1450540596,freezer,-10.0625,
1450540606,fridge,8.5,
1450540607,freezer,-10.125,
1450540618,fridge,8.4375,
1450540618,freezer,-10.125,
1450540629,fridge,8.4375,
1450540630,freezer,-10.1875,
1450540640,fridge,8.4375,
1450540641,freezer,-10.1875,
1450540652,fridge,8.4375,
1450540652,freezer,-10.1875,
1450540663,fridge,8.4375,
1450540664,freezer,-10.1875,
1450540674,fridge,8.375,
1450540675,freezer,-10.25,
1450540686,fridge,8.375,
1450540686,freezer,-10.25,
1450540697,fridge,8.375,
1450540698,freezer,-10.25,
1450540708,fridge,8.375,
1450540709,freezer,-10.3125,
1450540720,fridge,8.3125,
1450540720,freezer,-10.3125,
1450540731,fridge,8.3125,
1450540732,freezer,-10.3125,
1450540742,fridge,8.3125,
1450540743,freezer,-10.375,
1450540754,fridge,8.3125,
1450540754,freezer,-10.375,
1450540765,fridge,8.3125,
1450540766,freezer,-10.375,
1450540776,fridge,8.25,
1450540777,freezer,-10.375,
1450540788,fridge,8.25,
1450540788,freezer,-10.375,
1450540799,fridge,8.25,
1450540800,freezer,-10.4375,
1450540810,fridge,8.1875,
1450540811,freezer,-10.4375,
1450540822,fridge,8.1875,
1450540822,freezer,-10.4375,
1450540833,fridge,8.1875,
1450540834,freezer,-10.4375,
1450540844,fridge,8.1875,
1450540845,freezer,-10.4375,
1450540856,fridge,8.1875,
1450540856,freezer,-10.4375,
1450540867,fridge,8.1875,
1450540868,freezer,-10.5,
1450540878,fridge,8.1875,
1450540879,freezer,-10.5,
1450540890,fridge,8.125,
1450540890,freezer,-10.5,
1450540901,fridge,8.3125,
1450540902,freezer,-10.5,
1450540912,fridge,8.375,
1450540913,freezer,-10.25,
1450540924,fridge,8.4375,
1450540924,freezer,-8,
1450540935,fridge,8.5,
1450540936,freezer,-8.1875,
1450540946,fridge,8.5,
1450540947,freezer,-8.375,
1450540958,fridge,8.5,
1450540958,freezer,-8.5625,
1450540969,fridge,8.5,
1450540970,freezer,-8.6875,
1450540980,fridge,8.5,
1450540981,freezer,-8.875,
1450540992,fridge,8.5,
1450540992,freezer,-9,
1450541003,fridge,8.5,
1450541004,freezer,-9.125,
1450541014,fridge,8.5,
1450541015,freezer,-9.1875,
1450541026,fridge,8.5,
1450541026,freezer,-9.3125,
1450541037,fridge,8.5,
1450541038,freezer,-9.4375,
1450541048,fridge,8.5,
1450541049,freezer,-9.5625,
1450541060,fridge,8.5,
1450541060,freezer,-9.625,
1450541071,fridge,8.5,
1450541072,freezer,-9.75,
1450541082,fridge,8.4375,
1450541083,freezer,-9.8125,
1450541094,fridge,8.4375,
1450541094,freezer,-9.9375,
1450541105,fridge,8.4375,
1450541106,freezer,-10,
1450541116,fridge,8.4375,
1450541117,freezer,-10.0625,
1450541128,fridge,8.4375,
1450541128,freezer,-10.1875,
1450541139,fridge,8.4375,
1450541140,freezer,-10.25,
1450541150,fridge,8.4375,
1450541151,freezer,-10.3125,
1450541162,fridge,8.375,
1450541162,freezer,-10.375,
1450541173,fridge,8.4375,
1450541174,freezer,-10.4375,
1450541184,fridge,8.4375,
1450541185,freezer,-10.5,
1450541196,fridge,8.375,
1450541196,freezer,-10.5625,
1450541207,fridge,8.375,
1450541208,freezer,-10.625,
1450541218,fridge,8.375,
1450541219,freezer,-10.625,
1450541363,esquilo,starting,
1450541364,fridge,8.3125,
1450541364,freezer,-11.3125,
1450541375,fridge,8.25,
1450542039,esquilo,starting,
1450542040,fridge,8.3125,
1450542041,freezer,-11.375,
1450542051,fridge,8.3125,
1450542052,freezer,-11.25,
1450542063,fridge,8.375,
1450542063,freezer,-11.1875,
1450542074,fridge,8.375,
1450542075,freezer,-11.125,
1450542085,fridge,8.4375,
1450542086,freezer,-11.0625,
1450542097,fridge,8.4375,
1450542097,freezer,-11,
1450542108,fridge,8.4375,
1450542109,freezer,-10.875,
1450542119,fridge,8.5,
1450542120,freezer,-10.8125,
1450542131,fridge,8.5,
1450542131,freezer,-10.75,
1450542142,fridge,8.5,
1450542143,freezer,-10.6875,
1450552691,esquilo,starting,
1450552692,fridge,8.4375,
1450552692,freezer,-6.125,
1450552703,fridge,8.4375,
1450552704,freezer,-6.0625,
1450552714,fridge,8.5,
1450552715,freezer,-5.875,
1450552726,fridge,8.5,
1450552726,freezer,-5.8125,
1450552737,fridge,8.5,
1450552738,freezer,-5.6875,
1450552748,fridge,8.5625,
1450552749,freezer,-5.5625,
1450552760,fridge,8.5625,
1450552760,freezer,-5.4375,
1450552771,fridge,8.625,
1450552772,freezer,-5.3125,
1450552782,fridge,8.625,
1450552783,freezer,-5.25,
1450552794,fridge,8.6875,
1450552794,freezer,-5.125,
1450552805,fridge,8.6875,
1450552806,freezer,-5,
1450552816,fridge,8.6875,
1450552817,freezer,-4.875,
1450552828,fridge,8.75,
1450552828,freezer,-4.8125,
1450552839,fridge,8.75,
1450552840,freezer,-4.6875,
1450552850,fridge,8.75,
1450552851,freezer,-4.625,
1450552862,fridge,8.8125,
1450552862,freezer,-4.5,
1450552873,fridge,8.8125,
1450552874,freezer,-4.4375,
1450552884,fridge,8.8125,
1450552885,freezer,-4.3125,
1450552896,fridge,8.875,
1450552896,freezer,-4.25,
1450552907,fridge,8.875,
1450552908,freezer,-4.125,
1450552918,fridge,8.9375,
1450552919,freezer,-4.0625,
1450552930,fridge,8.9375,
1450552930,freezer,-3.9375,
1450552941,fridge,8.9375,
1450552942,freezer,-3.8125,
1450552952,fridge,9,
1450552953,freezer,-3.6875,
1450552964,fridge,9,
1450552964,freezer,-3.5625,
1450552975,fridge,9.0625,
1450552976,freezer,-3.5,
1450552986,fridge,9.0625,
1450552987,freezer,-3.375,
1450552998,fridge,9.0625,
1450552998,freezer,-3.3125,
1450553009,fridge,9.0625,
1450553010,freezer,-3.125,
1450553020,fridge,9.125,
1450553021,freezer,-3.0625,
1450553032,fridge,9.1875,
1450553032,freezer,-2.9375,
1450553043,fridge,9.1875,
1450553044,freezer,-2.8125,
1450553054,fridge,9.1875,
1450553055,freezer,-2.75,
1450553066,fridge,9.25,
1450553066,freezer,-2.625,
1450553077,fridge,9.25,
1450553078,freezer,-2.5625,
1450553088,fridge,9.25,
1450553089,freezer,-2.4375,
1450553100,fridge,9.3125,
1450553100,freezer,-2.3125,
1450553111,fridge,9.3125,
1450553112,freezer,-2.25,
1450553122,fridge,9.375,
1450553123,freezer,-2.125,
1450553134,fridge,9.375,
1450553134,freezer,-2.0625,
1450553145,fridge,9.375,
1450553146,freezer,-1.9375,
1450553156,fridge,9.4375,
1450553157,freezer,-1.875,
1450553168,fridge,9.4375,
1450553168,freezer,-1.75,
1450553179,fridge,9.4375,
1450553180,freezer,-1.6875,
1450553190,fridge,9.5,
1450553191,freezer,-1.625,
1450553202,fridge,9.5,
1450553202,freezer,-1.5,
1450553213,fridge,9.5,
1450553214,freezer,-1.375,
1450553224,fridge,9.5625,
1450553225,freezer,-1.3125,
1450553236,fridge,9.5625,
1450553236,freezer,-1.25,
1450553247,fridge,9.625,
1450553248,freezer,-1.125,
1450553258,fridge,9.625,
1450553259,freezer,-1.0625,
1450553270,fridge,9.625,
1450553270,freezer,-0.9375,
1450553281,fridge,9.6875,
1450553282,freezer,-0.875,
1450553292,fridge,9.6875,
1450553293,freezer,-0.8125,
1450553304,fridge,9.6875,
1450553304,freezer,-0.6875,
